Model,Accuracy,F1_Score
Isolation Forest,0.8935,0.8698839340256567
K-Means,0.752,0.6939435467827855
Neural Network,0.8985,0.8971721679774635
Random Forest,0.8965,0.8960326916694324
