Model,Accuracy,F1_Score,Precision,Recall
Isolation Forest,0.9395,0.9295282469423413,0.8702290076335878,0.9975
K-Means,0.7845,0.7261538555437556,-,-
Neural Network,0.952,0.9501088727779456,0.9567643938218161,0.952
Random Forest,0.955,0.9539327213498977,0.9571681921857874,0.955
